Location,Count,Time,Weekday
SquashBusters - 4th Floor,16,19:57:19,Friday
Marino Center - Studio A,6,19:57:19,Friday
Marino Center - Studio B,7,19:57:19,Friday
Marino Center - 2nd Floor,16,19:57:19,Friday
Marino Center - Gymnasium,33,19:57:19,Friday
Marino Center - 3rd Floor Weight Room,30,19:57:19,Friday
Marino Center - 3rd Floor Select & Cardio,24,19:57:19,Friday
SquashBusters - 4th Floor,16,21:39:41,Friday
Marino Center - Studio A,6,21:39:41,Friday
Marino Center - Studio B,7,21:39:41,Friday
Marino Center - 2nd Floor,16,21:39:41,Friday
Marino Center - Gymnasium,33,21:39:41,Friday
Marino Center - 3rd Floor Weight Room,30,21:39:41,Friday
Marino Center - 3rd Floor Select & Cardio,24,21:39:41,Friday
SquashBusters - 4th Floor,16,22:24:24,Friday
Marino Center - Studio A,6,22:24:24,Friday
Marino Center - Studio B,7,22:24:24,Friday
Marino Center - 2nd Floor,16,22:24:24,Friday
Marino Center - Gymnasium,33,22:24:24,Friday
Marino Center - 3rd Floor Weight Room,30,22:24:24,Friday
Marino Center - 3rd Floor Select & Cardio,24,22:24:24,Friday
SquashBusters - 4th Floor,16,22:45:45,Friday
Marino Center - Studio A,6,22:45:45,Friday
Marino Center - Studio B,7,22:45:45,Friday
Marino Center - 2nd Floor,16,22:45:45,Friday
Marino Center - Gymnasium,33,22:45:45,Friday
Marino Center - 3rd Floor Weight Room,30,22:45:45,Friday
Marino Center - 3rd Floor Select & Cardio,24,22:45:45,Friday
SquashBusters - 4th Floor,16,23:16:37,Friday
Marino Center - Studio A,6,23:16:37,Friday
Marino Center - Studio B,7,23:16:37,Friday
Marino Center - 2nd Floor,16,23:16:37,Friday
Marino Center - Gymnasium,33,23:16:37,Friday
Marino Center - 3rd Floor Weight Room,30,23:16:37,Friday
Marino Center - 3rd Floor Select & Cardio,24,23:16:37,Friday
SquashBusters - 4th Floor,16,23:41:09,Friday
Marino Center - Studio A,6,23:41:09,Friday
Marino Center - Studio B,7,23:41:09,Friday
Marino Center - 2nd Floor,16,23:41:09,Friday
Marino Center - Gymnasium,33,23:41:09,Friday
Marino Center - 3rd Floor Weight Room,30,23:41:09,Friday
Marino Center - 3rd Floor Select & Cardio,24,23:41:09,Friday
SquashBusters - 4th Floor,16,00:13:06,Saturday
Marino Center - Studio A,6,00:13:06,Saturday
Marino Center - Studio B,7,00:13:06,Saturday
Marino Center - 2nd Floor,16,00:13:06,Saturday
Marino Center - Gymnasium,33,00:13:06,Saturday
Marino Center - 3rd Floor Weight Room,30,00:13:06,Saturday
Marino Center - 3rd Floor Select & Cardio,24,00:13:06,Saturday
SquashBusters - 4th Floor,16,00:38:19,Saturday
Marino Center - Studio A,6,00:38:19,Saturday
Marino Center - Studio B,7,00:38:19,Saturday
Marino Center - 2nd Floor,16,00:38:19,Saturday
Marino Center - Gymnasium,33,00:38:19,Saturday
Marino Center - 3rd Floor Weight Room,30,00:38:19,Saturday
Marino Center - 3rd Floor Select & Cardio,24,00:38:19,Saturday
SquashBusters - 4th Floor,16,01:18:12,Saturday
Marino Center - Studio A,6,01:18:12,Saturday
Marino Center - Studio B,7,01:18:12,Saturday
Marino Center - 2nd Floor,16,01:18:12,Saturday
Marino Center - Gymnasium,33,01:18:12,Saturday
Marino Center - 3rd Floor Weight Room,30,01:18:12,Saturday
Marino Center - 3rd Floor Select & Cardio,24,01:18:12,Saturday
SquashBusters - 4th Floor,16,01:43:24,Saturday
Marino Center - Studio A,6,01:43:24,Saturday
Marino Center - Studio B,7,01:43:24,Saturday
Marino Center - 2nd Floor,16,01:43:24,Saturday
Marino Center - Gymnasium,33,01:43:24,Saturday
Marino Center - 3rd Floor Weight Room,30,01:43:24,Saturday
Marino Center - 3rd Floor Select & Cardio,24,01:43:24,Saturday
SquashBusters - 4th Floor,16,02:12:21,Saturday
Marino Center - Studio A,6,02:12:21,Saturday
Marino Center - Studio B,7,02:12:21,Saturday
Marino Center - 2nd Floor,16,02:12:21,Saturday
Marino Center - Gymnasium,33,02:12:21,Saturday
Marino Center - 3rd Floor Weight Room,30,02:12:21,Saturday
Marino Center - 3rd Floor Select & Cardio,24,02:12:21,Saturday
SquashBusters - 4th Floor,16,02:35:27,Saturday
Marino Center - Studio A,6,02:35:27,Saturday
Marino Center - Studio B,7,02:35:27,Saturday
Marino Center - 2nd Floor,16,02:35:27,Saturday
Marino Center - Gymnasium,33,02:35:27,Saturday
Marino Center - 3rd Floor Weight Room,30,02:35:27,Saturday
Marino Center - 3rd Floor Select & Cardio,24,02:35:27,Saturday
SquashBusters - 4th Floor,16,03:16:37,Saturday
Marino Center - Studio A,6,03:16:37,Saturday
Marino Center - Studio B,7,03:16:37,Saturday
Marino Center - 2nd Floor,16,03:16:37,Saturday
Marino Center - Gymnasium,33,03:16:37,Saturday
Marino Center - 3rd Floor Weight Room,30,03:16:37,Saturday
Marino Center - 3rd Floor Select & Cardio,24,03:16:37,Saturday
SquashBusters - 4th Floor,16,03:41:05,Saturday
Marino Center - Studio A,6,03:41:05,Saturday
Marino Center - Studio B,7,03:41:05,Saturday
Marino Center - 2nd Floor,16,03:41:05,Saturday
Marino Center - Gymnasium,33,03:41:05,Saturday
Marino Center - 3rd Floor Weight Room,30,03:41:05,Saturday
Marino Center - 3rd Floor Select & Cardio,24,03:41:05,Saturday
SquashBusters - 4th Floor,16,04:13:19,Saturday
Marino Center - Studio A,6,04:13:19,Saturday
Marino Center - Studio B,7,04:13:19,Saturday
Marino Center - 2nd Floor,16,04:13:19,Saturday
Marino Center - Gymnasium,33,04:13:19,Saturday
Marino Center - 3rd Floor Weight Room,30,04:13:19,Saturday
Marino Center - 3rd Floor Select & Cardio,24,04:13:19,Saturday
SquashBusters - 4th Floor,16,04:35:47,Saturday
Marino Center - Studio A,6,04:35:47,Saturday
Marino Center - Studio B,7,04:35:47,Saturday
Marino Center - 2nd Floor,16,04:35:47,Saturday
Marino Center - Gymnasium,33,04:35:47,Saturday
Marino Center - 3rd Floor Weight Room,30,04:35:47,Saturday
Marino Center - 3rd Floor Select & Cardio,24,04:35:47,Saturday
SquashBusters - 4th Floor,16,05:13:19,Saturday
Marino Center - Studio A,6,05:13:19,Saturday
Marino Center - Studio B,7,05:13:19,Saturday
Marino Center - 2nd Floor,16,05:13:19,Saturday
Marino Center - Gymnasium,33,05:13:19,Saturday
Marino Center - 3rd Floor Weight Room,30,05:13:19,Saturday
Marino Center - 3rd Floor Select & Cardio,24,05:13:19,Saturday
SquashBusters - 4th Floor,16,05:39:27,Saturday
Marino Center - Studio A,6,05:39:27,Saturday
Marino Center - Studio B,7,05:39:27,Saturday
Marino Center - 2nd Floor,16,05:39:27,Saturday
Marino Center - Gymnasium,33,05:39:27,Saturday
Marino Center - 3rd Floor Weight Room,30,05:39:27,Saturday
Marino Center - 3rd Floor Select & Cardio,24,05:39:27,Saturday
SquashBusters - 4th Floor,16,06:10:53,Saturday
Marino Center - Studio A,6,06:10:53,Saturday
Marino Center - Studio B,7,06:10:53,Saturday
Marino Center - 2nd Floor,16,06:10:53,Saturday
Marino Center - Gymnasium,33,06:10:53,Saturday
Marino Center - 3rd Floor Weight Room,30,06:10:53,Saturday
Marino Center - 3rd Floor Select & Cardio,24,06:10:53,Saturday
SquashBusters - 4th Floor,16,06:35:28,Saturday
Marino Center - Studio A,6,06:35:28,Saturday
Marino Center - Studio B,7,06:35:28,Saturday
Marino Center - 2nd Floor,16,06:35:28,Saturday
Marino Center - Gymnasium,33,06:35:28,Saturday
Marino Center - 3rd Floor Weight Room,30,06:35:28,Saturday
Marino Center - 3rd Floor Select & Cardio,24,06:35:28,Saturday
SquashBusters - 4th Floor,16,07:24:40,Saturday
Marino Center - Studio A,6,07:24:40,Saturday
Marino Center - Studio B,7,07:24:40,Saturday
Marino Center - 2nd Floor,16,07:24:40,Saturday
Marino Center - Gymnasium,33,07:24:40,Saturday
Marino Center - 3rd Floor Weight Room,30,07:24:40,Saturday
Marino Center - 3rd Floor Select & Cardio,24,07:24:40,Saturday
SquashBusters - 4th Floor,16,07:56:49,Saturday
Marino Center - Studio A,6,07:56:49,Saturday
Marino Center - Studio B,7,07:56:49,Saturday
Marino Center - 2nd Floor,16,07:56:49,Saturday
Marino Center - Gymnasium,33,07:56:49,Saturday
Marino Center - 3rd Floor Weight Room,30,07:56:49,Saturday
Marino Center - 3rd Floor Select & Cardio,24,07:56:49,Saturday
SquashBusters - 4th Floor,16,08:21:59,Saturday
Marino Center - Studio A,0,08:21:59,Saturday
Marino Center - Studio B,0,08:21:59,Saturday
Marino Center - 2nd Floor,5,08:21:59,Saturday
Marino Center - Gymnasium,1,08:21:59,Saturday
Marino Center - 3rd Floor Weight Room,30,08:21:59,Saturday
Marino Center - 3rd Floor Select & Cardio,24,08:21:59,Saturday
SquashBusters - 4th Floor,16,08:37:41,Saturday
Marino Center - Studio A,1,08:37:41,Saturday
Marino Center - Studio B,0,08:37:41,Saturday
Marino Center - 2nd Floor,14,08:37:41,Saturday
Marino Center - Gymnasium,4,08:37:41,Saturday
Marino Center - 3rd Floor Weight Room,30,08:37:41,Saturday
Marino Center - 3rd Floor Select & Cardio,24,08:37:41,Saturday
SquashBusters - 4th Floor,16,09:11:31,Saturday
Marino Center - Studio A,3,09:11:31,Saturday
Marino Center - Studio B,0,09:11:31,Saturday
Marino Center - 2nd Floor,7,09:11:31,Saturday
Marino Center - Gymnasium,17,09:11:31,Saturday
Marino Center - 3rd Floor Weight Room,30,09:11:31,Saturday
Marino Center - 3rd Floor Select & Cardio,24,09:11:31,Saturday
SquashBusters - 4th Floor,16,09:37:42,Saturday
Marino Center - Studio A,3,09:37:42,Saturday
Marino Center - Studio B,0,09:37:42,Saturday
Marino Center - 2nd Floor,7,09:37:42,Saturday
Marino Center - Gymnasium,17,09:37:42,Saturday
Marino Center - 3rd Floor Weight Room,10,09:37:42,Saturday
Marino Center - 3rd Floor Select & Cardio,7,09:37:42,Saturday
SquashBusters - 4th Floor,16,10:12:55,Saturday
Marino Center - Studio A,2,10:12:55,Saturday
Marino Center - Studio B,1,10:12:55,Saturday
Marino Center - 2nd Floor,9,10:12:55,Saturday
Marino Center - Gymnasium,19,10:12:55,Saturday
Marino Center - 3rd Floor Weight Room,10,10:12:55,Saturday
Marino Center - 3rd Floor Select & Cardio,7,10:12:55,Saturday
SquashBusters - 4th Floor,16,10:36:31,Saturday
Marino Center - Studio A,4,10:36:31,Saturday
Marino Center - Studio B,1,10:36:31,Saturday
Marino Center - 2nd Floor,19,10:36:31,Saturday
Marino Center - Gymnasium,24,10:36:31,Saturday
Marino Center - 3rd Floor Weight Room,10,10:36:31,Saturday
Marino Center - 3rd Floor Select & Cardio,7,10:36:31,Saturday
SquashBusters - 4th Floor,16,11:15:13,Saturday
Marino Center - Studio A,4,11:15:13,Saturday
Marino Center - Studio B,1,11:15:13,Saturday
Marino Center - 2nd Floor,19,11:15:13,Saturday
Marino Center - Gymnasium,24,11:15:13,Saturday
Marino Center - 3rd Floor Weight Room,10,11:15:13,Saturday
Marino Center - 3rd Floor Select & Cardio,7,11:15:13,Saturday
SquashBusters - 4th Floor,16,11:42:44,Saturday
Marino Center - Studio A,5,11:42:44,Saturday
Marino Center - Studio B,2,11:42:44,Saturday
Marino Center - 2nd Floor,15,11:42:44,Saturday
Marino Center - Gymnasium,23,11:42:44,Saturday
Marino Center - 3rd Floor Weight Room,27,11:42:44,Saturday
Marino Center - 3rd Floor Select & Cardio,21,11:42:44,Saturday
SquashBusters - 4th Floor,16,12:10:53,Saturday
Marino Center - Studio A,4,12:10:53,Saturday
Marino Center - Studio B,3,12:10:53,Saturday
Marino Center - 2nd Floor,16,12:10:53,Saturday
Marino Center - Gymnasium,13,12:10:53,Saturday
Marino Center - 3rd Floor Weight Room,27,12:10:53,Saturday
Marino Center - 3rd Floor Select & Cardio,21,12:10:53,Saturday
SquashBusters - 4th Floor,16,12:37:27,Saturday
Marino Center - Studio A,2,12:37:27,Saturday
Marino Center - Studio B,1,12:37:27,Saturday
Marino Center - 2nd Floor,15,12:37:27,Saturday
Marino Center - Gymnasium,12,12:37:27,Saturday
Marino Center - 3rd Floor Weight Room,27,12:37:27,Saturday
Marino Center - 3rd Floor Select & Cardio,21,12:37:27,Saturday
SquashBusters - 4th Floor,16,13:16:53,Saturday
Marino Center - Studio A,3,13:16:53,Saturday
Marino Center - Studio B,1,13:16:53,Saturday
Marino Center - 2nd Floor,15,13:16:53,Saturday
Marino Center - Gymnasium,8,13:16:53,Saturday
Marino Center - 3rd Floor Weight Room,33,13:16:53,Saturday
Marino Center - 3rd Floor Select & Cardio,26,13:16:53,Saturday
SquashBusters - 4th Floor,16,13:42:04,Saturday
Marino Center - Studio A,5,13:42:04,Saturday
Marino Center - Studio B,2,13:42:04,Saturday
Marino Center - 2nd Floor,13,13:42:04,Saturday
Marino Center - Gymnasium,6,13:42:04,Saturday
Marino Center - 3rd Floor Weight Room,38,13:42:04,Saturday
Marino Center - 3rd Floor Select & Cardio,19,13:42:04,Saturday
SquashBusters - 4th Floor,16,14:10:06,Saturday
Marino Center - Studio A,2,14:10:06,Saturday
Marino Center - Studio B,1,14:10:06,Saturday
Marino Center - 2nd Floor,11,14:10:06,Saturday
Marino Center - Gymnasium,6,14:10:06,Saturday
Marino Center - 3rd Floor Weight Room,38,14:10:06,Saturday
Marino Center - 3rd Floor Select & Cardio,19,14:10:06,Saturday
SquashBusters - 4th Floor,16,14:35:13,Saturday
Marino Center - Studio A,3,14:35:13,Saturday
Marino Center - Studio B,0,14:35:13,Saturday
Marino Center - 2nd Floor,12,14:35:13,Saturday
Marino Center - Gymnasium,6,14:35:13,Saturday
Marino Center - 3rd Floor Weight Room,38,14:35:13,Saturday
Marino Center - 3rd Floor Select & Cardio,19,14:35:13,Saturday
SquashBusters - 4th Floor,16,15:13:52,Saturday
Marino Center - Studio A,3,15:13:52,Saturday
Marino Center - Studio B,1,15:13:52,Saturday
Marino Center - 2nd Floor,13,15:13:52,Saturday
Marino Center - Gymnasium,13,15:13:52,Saturday
Marino Center - 3rd Floor Weight Room,37,15:13:52,Saturday
Marino Center - 3rd Floor Select & Cardio,21,15:13:52,Saturday
SquashBusters - 4th Floor,16,15:36:44,Saturday
Marino Center - Studio A,3,15:36:44,Saturday
Marino Center - Studio B,1,15:36:44,Saturday
Marino Center - 2nd Floor,13,15:36:44,Saturday
Marino Center - Gymnasium,13,15:36:44,Saturday
Marino Center - 3rd Floor Weight Room,37,15:36:44,Saturday
Marino Center - 3rd Floor Select & Cardio,21,15:36:44,Saturday
SquashBusters - 4th Floor,16,16:11:58,Saturday
Marino Center - Studio A,3,16:11:58,Saturday
Marino Center - Studio B,1,16:11:58,Saturday
Marino Center - 2nd Floor,13,16:11:58,Saturday
Marino Center - Gymnasium,13,16:11:58,Saturday
Marino Center - 3rd Floor Weight Room,37,16:11:58,Saturday
Marino Center - 3rd Floor Select & Cardio,21,16:11:58,Saturday
SquashBusters - 4th Floor,16,16:35:25,Saturday
Marino Center - Studio A,3,16:35:25,Saturday
Marino Center - Studio B,1,16:35:25,Saturday
Marino Center - 2nd Floor,13,16:35:25,Saturday
Marino Center - Gymnasium,13,16:35:25,Saturday
Marino Center - 3rd Floor Weight Room,37,16:35:25,Saturday
Marino Center - 3rd Floor Select & Cardio,21,16:35:25,Saturday
SquashBusters - 4th Floor,16,17:12:39,Saturday
Marino Center - Studio A,3,17:12:39,Saturday
Marino Center - Studio B,1,17:12:39,Saturday
Marino Center - 2nd Floor,13,17:12:39,Saturday
Marino Center - Gymnasium,13,17:12:39,Saturday
Marino Center - 3rd Floor Weight Room,37,17:12:39,Saturday
Marino Center - 3rd Floor Select & Cardio,21,17:12:39,Saturday
SquashBusters - 4th Floor,16,17:38:43,Saturday
Marino Center - Studio A,4,17:38:43,Saturday
Marino Center - Studio B,2,17:38:43,Saturday
Marino Center - 2nd Floor,14,17:38:43,Saturday
Marino Center - Gymnasium,16,17:38:43,Saturday
Marino Center - 3rd Floor Weight Room,37,17:38:43,Saturday
Marino Center - 3rd Floor Select & Cardio,21,17:38:43,Saturday
SquashBusters - 4th Floor,16,18:12:32,Saturday
Marino Center - Studio A,4,18:12:32,Saturday
Marino Center - Studio B,2,18:12:32,Saturday
Marino Center - 2nd Floor,14,18:12:32,Saturday
Marino Center - Gymnasium,16,18:12:32,Saturday
Marino Center - 3rd Floor Weight Room,37,18:12:32,Saturday
Marino Center - 3rd Floor Select & Cardio,21,18:12:32,Saturday
SquashBusters - 4th Floor,16,18:37:03,Saturday
Marino Center - Studio A,4,18:37:03,Saturday
Marino Center - Studio B,2,18:37:03,Saturday
Marino Center - 2nd Floor,14,18:37:03,Saturday
Marino Center - Gymnasium,16,18:37:03,Saturday
Marino Center - 3rd Floor Weight Room,37,18:37:03,Saturday
Marino Center - 3rd Floor Select & Cardio,21,18:37:03,Saturday
SquashBusters - 4th Floor,16,20:17:58,Saturday
Marino Center - Studio A,4,20:17:58,Saturday
Marino Center - Studio B,2,20:17:58,Saturday
Marino Center - 2nd Floor,14,20:17:58,Saturday
Marino Center - Gymnasium,16,20:17:58,Saturday
Marino Center - 3rd Floor Weight Room,37,20:17:58,Saturday
Marino Center - 3rd Floor Select & Cardio,21,20:17:58,Saturday
SquashBusters - 4th Floor,16,22:00:06,Saturday
Marino Center - Studio A,4,22:00:06,Saturday
Marino Center - Studio B,2,22:00:06,Saturday
Marino Center - 2nd Floor,14,22:00:06,Saturday
Marino Center - Gymnasium,16,22:00:06,Saturday
Marino Center - 3rd Floor Weight Room,37,22:00:06,Saturday
Marino Center - 3rd Floor Select & Cardio,21,22:00:06,Saturday
SquashBusters - 4th Floor,16,22:46:41,Saturday
Marino Center - Studio A,4,22:46:41,Saturday
Marino Center - Studio B,2,22:46:41,Saturday
Marino Center - 2nd Floor,14,22:46:41,Saturday
Marino Center - Gymnasium,16,22:46:41,Saturday
Marino Center - 3rd Floor Weight Room,37,22:46:41,Saturday
Marino Center - 3rd Floor Select & Cardio,21,22:46:41,Saturday
SquashBusters - 4th Floor,16,23:19:15,Saturday
Marino Center - Studio A,4,23:19:15,Saturday
Marino Center - Studio B,2,23:19:15,Saturday
Marino Center - 2nd Floor,14,23:19:15,Saturday
Marino Center - Gymnasium,16,23:19:15,Saturday
Marino Center - 3rd Floor Weight Room,37,23:19:15,Saturday
Marino Center - 3rd Floor Select & Cardio,21,23:19:15,Saturday
SquashBusters - 4th Floor,16,23:43:05,Saturday
Marino Center - Studio A,4,23:43:05,Saturday
Marino Center - Studio B,2,23:43:05,Saturday
Marino Center - 2nd Floor,14,23:43:05,Saturday
Marino Center - Gymnasium,16,23:43:05,Saturday
Marino Center - 3rd Floor Weight Room,37,23:43:05,Saturday
Marino Center - 3rd Floor Select & Cardio,21,23:43:05,Saturday
SquashBusters - 4th Floor,16,00:13:25,Sunday
Marino Center - Studio A,4,00:13:25,Sunday
Marino Center - Studio B,2,00:13:25,Sunday
Marino Center - 2nd Floor,14,00:13:25,Sunday
Marino Center - Gymnasium,16,00:13:25,Sunday
Marino Center - 3rd Floor Weight Room,37,00:13:25,Sunday
Marino Center - 3rd Floor Select & Cardio,21,00:13:25,Sunday
SquashBusters - 4th Floor,16,00:39:14,Sunday
Marino Center - Studio A,4,00:39:14,Sunday
Marino Center - Studio B,2,00:39:14,Sunday
Marino Center - 2nd Floor,14,00:39:14,Sunday
Marino Center - Gymnasium,16,00:39:14,Sunday
Marino Center - 3rd Floor Weight Room,37,00:39:14,Sunday
Marino Center - 3rd Floor Select & Cardio,21,00:39:14,Sunday
SquashBusters - 4th Floor,16,01:19:16,Sunday
Marino Center - Studio A,4,01:19:16,Sunday
Marino Center - Studio B,2,01:19:16,Sunday
Marino Center - 2nd Floor,14,01:19:16,Sunday
Marino Center - Gymnasium,16,01:19:16,Sunday
Marino Center - 3rd Floor Weight Room,37,01:19:16,Sunday
Marino Center - 3rd Floor Select & Cardio,21,01:19:16,Sunday
SquashBusters - 4th Floor,16,01:45:00,Sunday
Marino Center - Studio A,4,01:45:00,Sunday
Marino Center - Studio B,2,01:45:00,Sunday
Marino Center - 2nd Floor,14,01:45:00,Sunday
Marino Center - Gymnasium,16,01:45:00,Sunday
Marino Center - 3rd Floor Weight Room,37,01:45:00,Sunday
Marino Center - 3rd Floor Select & Cardio,21,01:45:00,Sunday
SquashBusters - 4th Floor,16,02:12:55,Sunday
Marino Center - Studio A,4,02:12:55,Sunday
Marino Center - Studio B,2,02:12:55,Sunday
Marino Center - 2nd Floor,14,02:12:55,Sunday
Marino Center - Gymnasium,16,02:12:55,Sunday
Marino Center - 3rd Floor Weight Room,37,02:12:55,Sunday
Marino Center - 3rd Floor Select & Cardio,21,02:12:55,Sunday
SquashBusters - 4th Floor,16,02:37:22,Sunday
Marino Center - Studio A,4,02:37:22,Sunday
Marino Center - Studio B,2,02:37:22,Sunday
Marino Center - 2nd Floor,14,02:37:22,Sunday
Marino Center - Gymnasium,16,02:37:22,Sunday
Marino Center - 3rd Floor Weight Room,37,02:37:22,Sunday
Marino Center - 3rd Floor Select & Cardio,21,02:37:22,Sunday
SquashBusters - 4th Floor,16,03:16:47,Sunday
Marino Center - Studio A,4,03:16:47,Sunday
Marino Center - Studio B,2,03:16:47,Sunday
Marino Center - 2nd Floor,14,03:16:47,Sunday
Marino Center - Gymnasium,16,03:16:47,Sunday
Marino Center - 3rd Floor Weight Room,37,03:16:47,Sunday
Marino Center - 3rd Floor Select & Cardio,21,03:16:47,Sunday
SquashBusters - 4th Floor,16,03:41:04,Sunday
Marino Center - Studio A,4,03:41:04,Sunday
Marino Center - Studio B,2,03:41:04,Sunday
Marino Center - 2nd Floor,14,03:41:04,Sunday
Marino Center - Gymnasium,16,03:41:04,Sunday
Marino Center - 3rd Floor Weight Room,37,03:41:04,Sunday
Marino Center - 3rd Floor Select & Cardio,21,03:41:04,Sunday
SquashBusters - 4th Floor,16,04:13:37,Sunday
Marino Center - Studio A,4,04:13:37,Sunday
Marino Center - Studio B,2,04:13:37,Sunday
Marino Center - 2nd Floor,14,04:13:37,Sunday
Marino Center - Gymnasium,16,04:13:37,Sunday
Marino Center - 3rd Floor Weight Room,37,04:13:37,Sunday
Marino Center - 3rd Floor Select & Cardio,21,04:13:37,Sunday
SquashBusters - 4th Floor,16,04:36:21,Sunday
Marino Center - Studio A,4,04:36:21,Sunday
Marino Center - Studio B,2,04:36:21,Sunday
Marino Center - 2nd Floor,14,04:36:21,Sunday
Marino Center - Gymnasium,16,04:36:21,Sunday
Marino Center - 3rd Floor Weight Room,37,04:36:21,Sunday
Marino Center - 3rd Floor Select & Cardio,21,04:36:21,Sunday
SquashBusters - 4th Floor,16,05:13:52,Sunday
Marino Center - Studio A,4,05:13:52,Sunday
Marino Center - Studio B,2,05:13:52,Sunday
Marino Center - 2nd Floor,14,05:13:52,Sunday
Marino Center - Gymnasium,16,05:13:52,Sunday
Marino Center - 3rd Floor Weight Room,37,05:13:52,Sunday
Marino Center - 3rd Floor Select & Cardio,21,05:13:52,Sunday
SquashBusters - 4th Floor,16,05:40:51,Sunday
Marino Center - Studio A,4,05:40:51,Sunday
Marino Center - Studio B,2,05:40:51,Sunday
Marino Center - 2nd Floor,14,05:40:51,Sunday
Marino Center - Gymnasium,16,05:40:51,Sunday
Marino Center - 3rd Floor Weight Room,37,05:40:51,Sunday
Marino Center - 3rd Floor Select & Cardio,21,05:40:51,Sunday
SquashBusters - 4th Floor,16,06:11:11,Sunday
Marino Center - Studio A,4,06:11:11,Sunday
Marino Center - Studio B,2,06:11:11,Sunday
Marino Center - 2nd Floor,14,06:11:11,Sunday
Marino Center - Gymnasium,16,06:11:11,Sunday
Marino Center - 3rd Floor Weight Room,37,06:11:11,Sunday
Marino Center - 3rd Floor Select & Cardio,21,06:11:11,Sunday
SquashBusters - 4th Floor,16,06:35:20,Sunday
Marino Center - Studio A,4,06:35:20,Sunday
Marino Center - Studio B,2,06:35:20,Sunday
Marino Center - 2nd Floor,14,06:35:20,Sunday
Marino Center - Gymnasium,16,06:35:20,Sunday
Marino Center - 3rd Floor Weight Room,37,06:35:20,Sunday
Marino Center - 3rd Floor Select & Cardio,21,06:35:20,Sunday
SquashBusters - 4th Floor,16,07:25:26,Sunday
Marino Center - Studio A,4,07:25:26,Sunday
Marino Center - Studio B,2,07:25:26,Sunday
Marino Center - 2nd Floor,14,07:25:26,Sunday
Marino Center - Gymnasium,16,07:25:26,Sunday
Marino Center - 3rd Floor Weight Room,37,07:25:26,Sunday
Marino Center - 3rd Floor Select & Cardio,21,07:25:26,Sunday
SquashBusters - 4th Floor,16,07:58:22,Sunday
Marino Center - Studio A,4,07:58:22,Sunday
Marino Center - Studio B,2,07:58:22,Sunday
Marino Center - 2nd Floor,14,07:58:22,Sunday
Marino Center - Gymnasium,16,07:58:22,Sunday
Marino Center - 3rd Floor Weight Room,37,07:58:22,Sunday
Marino Center - 3rd Floor Select & Cardio,21,07:58:22,Sunday
SquashBusters - 4th Floor,16,08:25:58,Sunday
Marino Center - Studio A,1,08:25:58,Sunday
Marino Center - Studio B,0,08:25:58,Sunday
Marino Center - 2nd Floor,2,08:25:58,Sunday
Marino Center - Gymnasium,0,08:25:58,Sunday
Marino Center - 3rd Floor Weight Room,37,08:25:58,Sunday
Marino Center - 3rd Floor Select & Cardio,21,08:25:58,Sunday
SquashBusters - 4th Floor,16,08:39:38,Sunday
Marino Center - Studio A,0,08:39:38,Sunday
Marino Center - Studio B,0,08:39:38,Sunday
Marino Center - 2nd Floor,2,08:39:38,Sunday
Marino Center - Gymnasium,10,08:39:38,Sunday
Marino Center - 3rd Floor Weight Room,11,08:39:38,Sunday
Marino Center - 3rd Floor Select & Cardio,8,08:39:38,Sunday
SquashBusters - 4th Floor,16,09:11:52,Sunday
Marino Center - Studio A,0,09:11:52,Sunday
Marino Center - Studio B,0,09:11:52,Sunday
Marino Center - 2nd Floor,16,09:11:52,Sunday
Marino Center - Gymnasium,2,09:11:52,Sunday
Marino Center - 3rd Floor Weight Room,11,09:11:52,Sunday
Marino Center - 3rd Floor Select & Cardio,8,09:11:52,Sunday
SquashBusters - 4th Floor,16,09:37:59,Sunday
Marino Center - Studio A,0,09:37:59,Sunday
Marino Center - Studio B,4,09:37:59,Sunday
Marino Center - 2nd Floor,18,09:37:59,Sunday
Marino Center - Gymnasium,1,09:37:59,Sunday
Marino Center - 3rd Floor Weight Room,11,09:37:59,Sunday
Marino Center - 3rd Floor Select & Cardio,8,09:37:59,Sunday
SquashBusters - 4th Floor,16,10:13:09,Sunday
Marino Center - Studio A,1,10:13:09,Sunday
Marino Center - Studio B,3,10:13:09,Sunday
Marino Center - 2nd Floor,25,10:13:09,Sunday
Marino Center - Gymnasium,4,10:13:09,Sunday
Marino Center - 3rd Floor Weight Room,24,10:13:09,Sunday
Marino Center - 3rd Floor Select & Cardio,16,10:13:09,Sunday
SquashBusters - 4th Floor,16,10:36:46,Sunday
Marino Center - Studio A,1,10:36:46,Sunday
Marino Center - Studio B,3,10:36:46,Sunday
Marino Center - 2nd Floor,25,10:36:46,Sunday
Marino Center - Gymnasium,4,10:36:46,Sunday
Marino Center - 3rd Floor Weight Room,17,10:36:46,Sunday
Marino Center - 3rd Floor Select & Cardio,16,10:36:46,Sunday
SquashBusters - 4th Floor,16,11:15:21,Sunday
Marino Center - Studio A,2,11:15:21,Sunday
Marino Center - Studio B,2,11:15:21,Sunday
Marino Center - 2nd Floor,22,11:15:21,Sunday
Marino Center - Gymnasium,18,11:15:21,Sunday
Marino Center - 3rd Floor Weight Room,17,11:15:21,Sunday
Marino Center - 3rd Floor Select & Cardio,16,11:15:21,Sunday
SquashBusters - 4th Floor,16,11:42:28,Sunday
Marino Center - Studio A,4,11:42:28,Sunday
Marino Center - Studio B,0,11:42:28,Sunday
Marino Center - 2nd Floor,25,11:42:28,Sunday
Marino Center - Gymnasium,14,11:42:28,Sunday
Marino Center - 3rd Floor Weight Room,28,11:42:28,Sunday
Marino Center - 3rd Floor Select & Cardio,21,11:42:28,Sunday
SquashBusters - 4th Floor,16,12:11:23,Sunday
Marino Center - Studio A,2,12:11:23,Sunday
Marino Center - Studio B,2,12:11:23,Sunday
Marino Center - 2nd Floor,24,12:11:23,Sunday
Marino Center - Gymnasium,17,12:11:23,Sunday
Marino Center - 3rd Floor Weight Room,28,12:11:23,Sunday
Marino Center - 3rd Floor Select & Cardio,21,12:11:23,Sunday
SquashBusters - 4th Floor,16,12:36:55,Sunday
Marino Center - Studio A,3,12:36:55,Sunday
Marino Center - Studio B,0,12:36:55,Sunday
Marino Center - 2nd Floor,20,12:36:55,Sunday
Marino Center - Gymnasium,14,12:36:55,Sunday
Marino Center - 3rd Floor Weight Room,29,12:36:55,Sunday
Marino Center - 3rd Floor Select & Cardio,23,12:36:55,Sunday
SquashBusters - 4th Floor,16,13:17:38,Sunday
Marino Center - Studio A,3,13:17:38,Sunday
Marino Center - Studio B,0,13:17:38,Sunday
Marino Center - 2nd Floor,20,13:17:38,Sunday
Marino Center - Gymnasium,14,13:17:38,Sunday
Marino Center - 3rd Floor Weight Room,31,13:17:38,Sunday
Marino Center - 3rd Floor Select & Cardio,25,13:17:38,Sunday
SquashBusters - 4th Floor,16,13:42:44,Sunday
Marino Center - Studio A,3,13:42:44,Sunday
Marino Center - Studio B,0,13:42:44,Sunday
Marino Center - 2nd Floor,20,13:42:44,Sunday
Marino Center - Gymnasium,14,13:42:44,Sunday
Marino Center - 3rd Floor Weight Room,31,13:42:44,Sunday
Marino Center - 3rd Floor Select & Cardio,25,13:42:44,Sunday
SquashBusters - 4th Floor,16,14:10:35,Sunday
Marino Center - Studio A,5,14:10:35,Sunday
Marino Center - Studio B,2,14:10:35,Sunday
Marino Center - 2nd Floor,17,14:10:35,Sunday
Marino Center - Gymnasium,10,14:10:35,Sunday
Marino Center - 3rd Floor Weight Room,31,14:10:35,Sunday
Marino Center - 3rd Floor Select & Cardio,25,14:10:35,Sunday
SquashBusters - 4th Floor,16,14:35:26,Sunday
Marino Center - Studio A,5,14:35:26,Sunday
Marino Center - Studio B,2,14:35:26,Sunday
Marino Center - 2nd Floor,17,14:35:26,Sunday
Marino Center - Gymnasium,10,14:35:26,Sunday
Marino Center - 3rd Floor Weight Room,31,14:35:26,Sunday
Marino Center - 3rd Floor Select & Cardio,25,14:35:26,Sunday
SquashBusters - 4th Floor,16,15:14:27,Sunday
Marino Center - Studio A,5,15:14:27,Sunday
Marino Center - Studio B,2,15:14:27,Sunday
Marino Center - 2nd Floor,17,15:14:27,Sunday
Marino Center - Gymnasium,10,15:14:27,Sunday
Marino Center - 3rd Floor Weight Room,33,15:14:27,Sunday
Marino Center - 3rd Floor Select & Cardio,18,15:14:27,Sunday
SquashBusters - 4th Floor,16,15:37:16,Sunday
Marino Center - Studio A,5,15:37:16,Sunday
Marino Center - Studio B,2,15:37:16,Sunday
Marino Center - 2nd Floor,19,15:37:16,Sunday
Marino Center - Gymnasium,12,15:37:16,Sunday
Marino Center - 3rd Floor Weight Room,35,15:37:16,Sunday
Marino Center - 3rd Floor Select & Cardio,25,15:37:16,Sunday
SquashBusters - 4th Floor,16,16:12:12,Sunday
Marino Center - Studio A,8,16:12:12,Sunday
Marino Center - Studio B,7,16:12:12,Sunday
Marino Center - 2nd Floor,35,16:12:12,Sunday
Marino Center - Gymnasium,41,16:12:12,Sunday
Marino Center - 3rd Floor Weight Room,39,16:12:12,Sunday
Marino Center - 3rd Floor Select & Cardio,19,16:12:12,Sunday
SquashBusters - 4th Floor,16,16:35:35,Sunday
Marino Center - Studio A,8,16:35:35,Sunday
Marino Center - Studio B,7,16:35:35,Sunday
Marino Center - 2nd Floor,35,16:35:35,Sunday
Marino Center - Gymnasium,41,16:35:35,Sunday
Marino Center - 3rd Floor Weight Room,40,16:35:35,Sunday
Marino Center - 3rd Floor Select & Cardio,27,16:35:35,Sunday
SquashBusters - 4th Floor,16,17:12:34,Sunday
Marino Center - Studio A,7,17:12:34,Sunday
Marino Center - Studio B,5,17:12:34,Sunday
Marino Center - 2nd Floor,37,17:12:34,Sunday
Marino Center - Gymnasium,44,17:12:34,Sunday
Marino Center - 3rd Floor Weight Room,41,17:12:34,Sunday
Marino Center - 3rd Floor Select & Cardio,30,17:12:34,Sunday
SquashBusters - 4th Floor,16,17:39:19,Sunday
Marino Center - Studio A,5,17:39:19,Sunday
Marino Center - Studio B,6,17:39:19,Sunday
Marino Center - 2nd Floor,36,17:39:19,Sunday
Marino Center - Gymnasium,36,17:39:19,Sunday
Marino Center - 3rd Floor Weight Room,41,17:39:19,Sunday
Marino Center - 3rd Floor Select & Cardio,30,17:39:19,Sunday
SquashBusters - 4th Floor,16,18:12:58,Sunday
Marino Center - Studio A,7,18:12:58,Sunday
Marino Center - Studio B,4,18:12:58,Sunday
Marino Center - 2nd Floor,37,18:12:58,Sunday
Marino Center - Gymnasium,48,18:12:58,Sunday
Marino Center - 3rd Floor Weight Room,46,18:12:58,Sunday
Marino Center - 3rd Floor Select & Cardio,42,18:12:58,Sunday
SquashBusters - 4th Floor,16,18:36:00,Sunday
Marino Center - Studio A,7,18:36:00,Sunday
Marino Center - Studio B,4,18:36:00,Sunday
Marino Center - 2nd Floor,37,18:36:00,Sunday
Marino Center - Gymnasium,48,18:36:00,Sunday
Marino Center - 3rd Floor Weight Room,46,18:36:00,Sunday
Marino Center - 3rd Floor Select & Cardio,42,18:36:00,Sunday
SquashBusters - 4th Floor,16,20:09:44,Sunday
Marino Center - Studio A,3,20:09:44,Sunday
Marino Center - Studio B,7,20:09:44,Sunday
Marino Center - 2nd Floor,37,20:09:44,Sunday
Marino Center - Gymnasium,48,20:09:44,Sunday
Marino Center - 3rd Floor Weight Room,46,20:09:44,Sunday
Marino Center - 3rd Floor Select & Cardio,42,20:09:44,Sunday
SquashBusters - 4th Floor,16,21:49:11,Sunday
Marino Center - Studio A,6,21:49:11,Sunday
Marino Center - Studio B,7,21:49:11,Sunday
Marino Center - 2nd Floor,40,21:49:11,Sunday
Marino Center - Gymnasium,53,21:49:11,Sunday
Marino Center - 3rd Floor Weight Room,51,21:49:11,Sunday
Marino Center - 3rd Floor Select & Cardio,38,21:49:11,Sunday
SquashBusters - 4th Floor,16,22:33:22,Sunday
Marino Center - Studio A,6,22:33:22,Sunday
Marino Center - Studio B,7,22:33:22,Sunday
Marino Center - 2nd Floor,40,22:33:22,Sunday
Marino Center - Gymnasium,53,22:33:22,Sunday
Marino Center - 3rd Floor Weight Room,29,22:33:22,Sunday
Marino Center - 3rd Floor Select & Cardio,24,22:33:22,Sunday
SquashBusters - 4th Floor,16,00:13:17,Monday
Marino Center - Studio A,6,00:13:17,Monday
Marino Center - Studio B,7,00:13:17,Monday
Marino Center - 2nd Floor,40,00:13:17,Monday
Marino Center - Gymnasium,53,00:13:17,Monday
Marino Center - 3rd Floor Weight Room,25,00:13:17,Monday
Marino Center - 3rd Floor Select & Cardio,20,00:13:17,Monday
SquashBusters - 4th Floor,16,00:40:17,Monday
Marino Center - Studio A,6,00:40:17,Monday
Marino Center - Studio B,7,00:40:17,Monday
Marino Center - 2nd Floor,40,00:40:17,Monday
Marino Center - Gymnasium,53,00:40:17,Monday
Marino Center - 3rd Floor Weight Room,25,00:40:17,Monday
Marino Center - 3rd Floor Select & Cardio,20,00:40:17,Monday
SquashBusters - 4th Floor,16,01:18:33,Monday
Marino Center - Studio A,6,01:18:33,Monday
Marino Center - Studio B,7,01:18:33,Monday
Marino Center - 2nd Floor,40,01:18:33,Monday
Marino Center - Gymnasium,53,01:18:33,Monday
Marino Center - 3rd Floor Weight Room,25,01:18:33,Monday
Marino Center - 3rd Floor Select & Cardio,20,01:18:33,Monday
SquashBusters - 4th Floor,16,01:46:39,Monday
Marino Center - Studio A,6,01:46:39,Monday
Marino Center - Studio B,7,01:46:39,Monday
Marino Center - 2nd Floor,40,01:46:39,Monday
Marino Center - Gymnasium,53,01:46:39,Monday
Marino Center - 3rd Floor Weight Room,25,01:46:39,Monday
Marino Center - 3rd Floor Select & Cardio,20,01:46:39,Monday
SquashBusters - 4th Floor,16,02:13:08,Monday
Marino Center - Studio A,6,02:13:08,Monday
Marino Center - Studio B,7,02:13:08,Monday
Marino Center - 2nd Floor,40,02:13:08,Monday
Marino Center - Gymnasium,53,02:13:08,Monday
Marino Center - 3rd Floor Weight Room,25,02:13:08,Monday
Marino Center - 3rd Floor Select & Cardio,20,02:13:08,Monday
SquashBusters - 4th Floor,16,02:37:46,Monday
Marino Center - Studio A,6,02:37:46,Monday
Marino Center - Studio B,7,02:37:46,Monday
Marino Center - 2nd Floor,40,02:37:46,Monday
Marino Center - Gymnasium,53,02:37:46,Monday
Marino Center - 3rd Floor Weight Room,25,02:37:46,Monday
Marino Center - 3rd Floor Select & Cardio,20,02:37:46,Monday
SquashBusters - 4th Floor,16,03:17:39,Monday
Marino Center - Studio A,6,03:17:39,Monday
Marino Center - Studio B,7,03:17:39,Monday
Marino Center - 2nd Floor,40,03:17:39,Monday
Marino Center - Gymnasium,53,03:17:39,Monday
Marino Center - 3rd Floor Weight Room,25,03:17:39,Monday
Marino Center - 3rd Floor Select & Cardio,20,03:17:39,Monday
SquashBusters - 4th Floor,16,03:44:41,Monday
Marino Center - Studio A,6,03:44:41,Monday
Marino Center - Studio B,7,03:44:41,Monday
Marino Center - 2nd Floor,40,03:44:41,Monday
Marino Center - Gymnasium,53,03:44:41,Monday
Marino Center - 3rd Floor Weight Room,25,03:44:41,Monday
Marino Center - 3rd Floor Select & Cardio,20,03:44:41,Monday
SquashBusters - 4th Floor,16,04:14:19,Monday
Marino Center - Studio A,6,04:14:19,Monday
Marino Center - Studio B,7,04:14:19,Monday
Marino Center - 2nd Floor,40,04:14:19,Monday
Marino Center - Gymnasium,53,04:14:19,Monday
Marino Center - 3rd Floor Weight Room,25,04:14:19,Monday
Marino Center - 3rd Floor Select & Cardio,20,04:14:19,Monday
SquashBusters - 4th Floor,16,04:39:33,Monday
Marino Center - Studio A,6,04:39:33,Monday
Marino Center - Studio B,7,04:39:33,Monday
Marino Center - 2nd Floor,40,04:39:33,Monday
Marino Center - Gymnasium,53,04:39:33,Monday
Marino Center - 3rd Floor Weight Room,25,04:39:33,Monday
Marino Center - 3rd Floor Select & Cardio,20,04:39:33,Monday
SquashBusters - 4th Floor,16,05:14:24,Monday
Marino Center - Studio A,6,05:14:24,Monday
Marino Center - Studio B,7,05:14:24,Monday
Marino Center - 2nd Floor,40,05:14:24,Monday
Marino Center - Gymnasium,53,05:14:24,Monday
Marino Center - 3rd Floor Weight Room,25,05:14:24,Monday
Marino Center - 3rd Floor Select & Cardio,20,05:14:24,Monday
SquashBusters - 4th Floor,16,05:43:43,Monday
Marino Center - Studio A,6,05:43:43,Monday
Marino Center - Studio B,7,05:43:43,Monday
Marino Center - 2nd Floor,40,05:43:43,Monday
Marino Center - Gymnasium,53,05:43:43,Monday
Marino Center - 3rd Floor Weight Room,25,05:43:43,Monday
Marino Center - 3rd Floor Select & Cardio,20,05:43:43,Monday
SquashBusters - 4th Floor,16,06:10:55,Monday
Marino Center - Studio A,1,06:10:55,Monday
Marino Center - Studio B,0,06:10:55,Monday
Marino Center - 2nd Floor,7,06:10:55,Monday
Marino Center - Gymnasium,0,06:10:55,Monday
Marino Center - 3rd Floor Weight Room,25,06:10:55,Monday
Marino Center - 3rd Floor Select & Cardio,20,06:10:55,Monday
SquashBusters - 4th Floor,10,06:34:36,Monday
Marino Center - Studio A,1,06:34:36,Monday
Marino Center - Studio B,0,06:34:36,Monday
Marino Center - 2nd Floor,7,06:34:36,Monday
Marino Center - Gymnasium,0,06:34:36,Monday
Marino Center - 3rd Floor Weight Room,15,06:34:36,Monday
Marino Center - 3rd Floor Select & Cardio,9,06:34:36,Monday
SquashBusters - 4th Floor,11,07:25:10,Monday
Marino Center - Studio A,2,07:25:10,Monday
Marino Center - Studio B,1,07:25:10,Monday
Marino Center - 2nd Floor,19,07:25:10,Monday
Marino Center - Gymnasium,2,07:25:10,Monday
Marino Center - 3rd Floor Weight Room,15,07:25:10,Monday
Marino Center - 3rd Floor Select & Cardio,9,07:25:10,Monday
SquashBusters - 4th Floor,14,08:02:39,Monday
Marino Center - Studio A,3,08:02:39,Monday
Marino Center - Studio B,5,08:02:39,Monday
Marino Center - 2nd Floor,26,08:02:39,Monday
Marino Center - Gymnasium,0,08:02:39,Monday
Marino Center - 3rd Floor Weight Room,25,08:02:39,Monday
Marino Center - 3rd Floor Select & Cardio,20,08:02:39,Monday
SquashBusters - 4th Floor,14,08:43:05,Monday
Marino Center - Studio A,5,08:43:05,Monday
Marino Center - Studio B,7,08:43:05,Monday
Marino Center - 2nd Floor,25,08:43:05,Monday
Marino Center - Gymnasium,1,08:43:05,Monday
Marino Center - 3rd Floor Weight Room,35,08:43:05,Monday
Marino Center - 3rd Floor Select & Cardio,25,08:43:05,Monday
SquashBusters - 4th Floor,14,09:12:25,Monday
Marino Center - Studio A,0,09:12:25,Monday
Marino Center - Studio B,4,09:12:25,Monday
Marino Center - 2nd Floor,31,09:12:25,Monday
Marino Center - Gymnasium,0,09:12:25,Monday
Marino Center - 3rd Floor Weight Room,30,09:12:25,Monday
Marino Center - 3rd Floor Select & Cardio,25,09:12:25,Monday
SquashBusters - 4th Floor,21,12:11:45,Monday
Marino Center - Studio A,4,12:11:45,Monday
Marino Center - Studio B,3,12:11:45,Monday
Marino Center - 2nd Floor,38,12:11:45,Monday
Marino Center - Gymnasium,5,12:11:45,Monday
Marino Center - 3rd Floor Weight Room,31,12:11:45,Monday
Marino Center - 3rd Floor Select & Cardio,40,12:11:45,Monday
SquashBusters - 4th Floor,21,12:37:08,Monday
Marino Center - Studio A,4,12:37:08,Monday
Marino Center - Studio B,3,12:37:08,Monday
Marino Center - 2nd Floor,46,12:37:08,Monday
Marino Center - Gymnasium,10,12:37:08,Monday
Marino Center - 3rd Floor Weight Room,31,12:37:08,Monday
Marino Center - 3rd Floor Select & Cardio,40,12:37:08,Monday
SquashBusters - 4th Floor,21,13:11:09,Monday
Marino Center - Studio A,4,13:11:09,Monday
Marino Center - Studio B,3,13:11:09,Monday
Marino Center - 2nd Floor,46,13:11:09,Monday
Marino Center - Gymnasium,10,13:11:09,Monday
Marino Center - 3rd Floor Weight Room,31,13:11:09,Monday
Marino Center - 3rd Floor Select & Cardio,40,13:11:09,Monday
SquashBusters - 4th Floor,21,13:43:50,Monday
Marino Center - Studio A,6,13:43:50,Monday
Marino Center - Studio B,4,13:43:50,Monday
Marino Center - 2nd Floor,43,13:43:50,Monday
Marino Center - Gymnasium,14,13:43:50,Monday
Marino Center - 3rd Floor Weight Room,36,13:43:50,Monday
Marino Center - 3rd Floor Select & Cardio,38,13:43:50,Monday
SquashBusters - 4th Floor,30,14:04:10,Monday
Marino Center - Studio A,6,14:04:10,Monday
Marino Center - Studio B,4,14:04:10,Monday
Marino Center - 2nd Floor,43,14:04:10,Monday
Marino Center - Gymnasium,14,14:04:10,Monday
Marino Center - 3rd Floor Weight Room,42,14:04:10,Monday
Marino Center - 3rd Floor Select & Cardio,38,14:04:10,Monday
SquashBusters - 4th Floor,30,14:31:10,Monday
Marino Center - Studio A,6,14:31:10,Monday
Marino Center - Studio B,4,14:31:10,Monday
Marino Center - 2nd Floor,43,14:31:10,Monday
Marino Center - Gymnasium,14,14:31:10,Monday
Marino Center - 3rd Floor Weight Room,42,14:31:10,Monday
Marino Center - 3rd Floor Select & Cardio,38,14:31:10,Monday
SquashBusters - 4th Floor,30,15:07:45,Monday
Marino Center - Studio A,6,15:07:45,Monday
Marino Center - Studio B,4,15:07:45,Monday
Marino Center - 2nd Floor,43,15:07:45,Monday
Marino Center - Gymnasium,14,15:07:45,Monday
Marino Center - 3rd Floor Weight Room,60,15:07:45,Monday
Marino Center - 3rd Floor Select & Cardio,28,15:07:45,Monday
SquashBusters - 4th Floor,41,15:36:52,Monday
Marino Center - Studio A,6,15:36:52,Monday
Marino Center - Studio B,6,15:36:52,Monday
Marino Center - 2nd Floor,32,15:36:52,Monday
Marino Center - Gymnasium,17,15:36:52,Monday
Marino Center - 3rd Floor Weight Room,60,15:36:52,Monday
Marino Center - 3rd Floor Select & Cardio,28,15:36:52,Monday
SquashBusters - 4th Floor,41,16:07:26,Monday
Marino Center - Studio A,6,16:07:26,Monday
Marino Center - Studio B,6,16:07:26,Monday
Marino Center - 2nd Floor,32,16:07:26,Monday
Marino Center - Gymnasium,17,16:07:26,Monday
Marino Center - 3rd Floor Weight Room,48,16:07:26,Monday
Marino Center - 3rd Floor Select & Cardio,29,16:07:26,Monday
SquashBusters - 4th Floor,41,16:34:06,Monday
Marino Center - Studio A,7,16:34:06,Monday
Marino Center - Studio B,6,16:34:06,Monday
Marino Center - 2nd Floor,49,16:34:06,Monday
Marino Center - Gymnasium,17,16:34:06,Monday
Marino Center - 3rd Floor Weight Room,47,16:34:06,Monday
Marino Center - 3rd Floor Select & Cardio,50,16:34:06,Monday
SquashBusters - 4th Floor,51,17:07:40,Monday
Marino Center - Studio A,7,17:07:40,Monday
Marino Center - Studio B,6,17:07:40,Monday
Marino Center - 2nd Floor,49,17:07:40,Monday
Marino Center - Gymnasium,17,17:07:40,Monday
Marino Center - 3rd Floor Weight Room,54,17:07:40,Monday
Marino Center - 3rd Floor Select & Cardio,50,17:07:40,Monday
SquashBusters - 4th Floor,50,17:39:10,Monday
Marino Center - Studio A,15,17:39:10,Monday
Marino Center - Studio B,14,17:39:10,Monday
Marino Center - 2nd Floor,55,17:39:10,Monday
Marino Center - Gymnasium,37,17:39:10,Monday
Marino Center - 3rd Floor Weight Room,60,17:39:10,Monday
Marino Center - 3rd Floor Select & Cardio,77,17:39:10,Monday
SquashBusters - 4th Floor,48,18:09:22,Monday
Marino Center - Studio A,15,18:09:22,Monday
Marino Center - Studio B,14,18:09:22,Monday
Marino Center - 2nd Floor,55,18:09:22,Monday
Marino Center - Gymnasium,37,18:09:22,Monday
Marino Center - 3rd Floor Weight Room,70,18:09:22,Monday
Marino Center - 3rd Floor Select & Cardio,69,18:09:22,Monday
SquashBusters - 4th Floor,44,18:35:31,Monday
Marino Center - Studio A,11,18:35:31,Monday
Marino Center - Studio B,9,18:35:31,Monday
Marino Center - 2nd Floor,46,18:35:31,Monday
Marino Center - Gymnasium,52,18:35:31,Monday
Marino Center - 3rd Floor Weight Room,72,18:35:31,Monday
Marino Center - 3rd Floor Select & Cardio,71,18:35:31,Monday
SquashBusters - 4th Floor,5,00:08:35,Tuesday
Marino Center - Studio A,5,00:08:35,Tuesday
Marino Center - Studio B,9,00:08:35,Tuesday
Marino Center - 2nd Floor,37,00:08:35,Tuesday
Marino Center - Gymnasium,53,00:08:35,Tuesday
Marino Center - 3rd Floor Weight Room,50,00:08:35,Tuesday
Marino Center - 3rd Floor Select & Cardio,40,00:08:35,Tuesday
SquashBusters - 4th Floor,5,00:38:56,Tuesday
Marino Center - Studio A,5,00:38:56,Tuesday
Marino Center - Studio B,9,00:38:56,Tuesday
Marino Center - 2nd Floor,37,00:38:56,Tuesday
Marino Center - Gymnasium,53,00:38:56,Tuesday
Marino Center - 3rd Floor Weight Room,50,00:38:56,Tuesday
Marino Center - 3rd Floor Select & Cardio,40,00:38:56,Tuesday
SquashBusters - 4th Floor,5,01:12:08,Tuesday
Marino Center - Studio A,5,01:12:08,Tuesday
Marino Center - Studio B,9,01:12:08,Tuesday
Marino Center - 2nd Floor,37,01:12:08,Tuesday
Marino Center - Gymnasium,53,01:12:08,Tuesday
Marino Center - 3rd Floor Weight Room,50,01:12:08,Tuesday
Marino Center - 3rd Floor Select & Cardio,40,01:12:08,Tuesday
SquashBusters - 4th Floor,5,01:45:26,Tuesday
Marino Center - Studio A,5,01:45:26,Tuesday
Marino Center - Studio B,9,01:45:26,Tuesday
Marino Center - 2nd Floor,37,01:45:26,Tuesday
Marino Center - Gymnasium,53,01:45:26,Tuesday
Marino Center - 3rd Floor Weight Room,50,01:45:26,Tuesday
Marino Center - 3rd Floor Select & Cardio,40,01:45:26,Tuesday
SquashBusters - 4th Floor,5,02:08:33,Tuesday
Marino Center - Studio A,5,02:08:33,Tuesday
Marino Center - Studio B,9,02:08:33,Tuesday
Marino Center - 2nd Floor,37,02:08:33,Tuesday
Marino Center - Gymnasium,53,02:08:33,Tuesday
Marino Center - 3rd Floor Weight Room,50,02:08:33,Tuesday
Marino Center - 3rd Floor Select & Cardio,40,02:08:33,Tuesday
SquashBusters - 4th Floor,5,02:35:45,Tuesday
Marino Center - Studio A,5,02:35:45,Tuesday
Marino Center - Studio B,9,02:35:45,Tuesday
Marino Center - 2nd Floor,37,02:35:45,Tuesday
Marino Center - Gymnasium,53,02:35:45,Tuesday
Marino Center - 3rd Floor Weight Room,50,02:35:45,Tuesday
Marino Center - 3rd Floor Select & Cardio,40,02:35:45,Tuesday
SquashBusters - 4th Floor,5,03:11:28,Tuesday
Marino Center - Studio A,5,03:11:28,Tuesday
Marino Center - Studio B,9,03:11:28,Tuesday
Marino Center - 2nd Floor,37,03:11:28,Tuesday
Marino Center - Gymnasium,53,03:11:28,Tuesday
Marino Center - 3rd Floor Weight Room,50,03:11:28,Tuesday
Marino Center - 3rd Floor Select & Cardio,40,03:11:28,Tuesday
SquashBusters - 4th Floor,5,03:42:00,Tuesday
Marino Center - Studio A,5,03:42:00,Tuesday
Marino Center - Studio B,9,03:42:00,Tuesday
Marino Center - 2nd Floor,37,03:42:00,Tuesday
Marino Center - Gymnasium,53,03:42:00,Tuesday
Marino Center - 3rd Floor Weight Room,50,03:42:00,Tuesday
Marino Center - 3rd Floor Select & Cardio,40,03:42:00,Tuesday
SquashBusters - 4th Floor,5,04:08:56,Tuesday
Marino Center - Studio A,5,04:08:56,Tuesday
Marino Center - Studio B,9,04:08:56,Tuesday
Marino Center - 2nd Floor,37,04:08:56,Tuesday
Marino Center - Gymnasium,53,04:08:56,Tuesday
Marino Center - 3rd Floor Weight Room,50,04:08:56,Tuesday
Marino Center - 3rd Floor Select & Cardio,40,04:08:56,Tuesday
SquashBusters - 4th Floor,5,04:37:36,Tuesday
Marino Center - Studio A,5,04:37:36,Tuesday
Marino Center - Studio B,9,04:37:36,Tuesday
Marino Center - 2nd Floor,37,04:37:36,Tuesday
Marino Center - Gymnasium,53,04:37:36,Tuesday
Marino Center - 3rd Floor Weight Room,50,04:37:36,Tuesday
Marino Center - 3rd Floor Select & Cardio,40,04:37:36,Tuesday
SquashBusters - 4th Floor,5,05:09:25,Tuesday
Marino Center - Studio A,5,05:09:25,Tuesday
Marino Center - Studio B,9,05:09:25,Tuesday
Marino Center - 2nd Floor,37,05:09:25,Tuesday
Marino Center - Gymnasium,53,05:09:25,Tuesday
Marino Center - 3rd Floor Weight Room,50,05:09:25,Tuesday
Marino Center - 3rd Floor Select & Cardio,40,05:09:25,Tuesday
SquashBusters - 4th Floor,5,05:42:43,Tuesday
Marino Center - Studio A,5,05:42:43,Tuesday
Marino Center - Studio B,9,05:42:43,Tuesday
Marino Center - 2nd Floor,37,05:42:43,Tuesday
Marino Center - Gymnasium,53,05:42:43,Tuesday
Marino Center - 3rd Floor Weight Room,5,05:42:43,Tuesday
Marino Center - 3rd Floor Select & Cardio,2,05:42:43,Tuesday
SquashBusters - 4th Floor,5,06:07:19,Tuesday
Marino Center - Studio A,5,06:07:19,Tuesday
Marino Center - Studio B,9,06:07:19,Tuesday
Marino Center - 2nd Floor,37,06:07:19,Tuesday
Marino Center - Gymnasium,53,06:07:19,Tuesday
Marino Center - 3rd Floor Weight Room,25,06:07:19,Tuesday
Marino Center - 3rd Floor Select & Cardio,7,06:07:19,Tuesday
SquashBusters - 4th Floor,5,06:31:31,Tuesday
Marino Center - Studio A,1,06:31:31,Tuesday
Marino Center - Studio B,1,06:31:31,Tuesday
Marino Center - 2nd Floor,4,06:31:31,Tuesday
Marino Center - Gymnasium,4,06:31:31,Tuesday
Marino Center - 3rd Floor Weight Room,25,06:31:31,Tuesday
Marino Center - 3rd Floor Select & Cardio,7,06:31:31,Tuesday
SquashBusters - 4th Floor,5,07:14:47,Tuesday
Marino Center - Studio A,1,07:14:47,Tuesday
Marino Center - Studio B,1,07:14:47,Tuesday
Marino Center - 2nd Floor,4,07:14:47,Tuesday
Marino Center - Gymnasium,4,07:14:47,Tuesday
Marino Center - 3rd Floor Weight Room,28,07:14:47,Tuesday
Marino Center - 3rd Floor Select & Cardio,26,07:14:47,Tuesday
SquashBusters - 4th Floor,5,07:59:42,Tuesday
Marino Center - Studio A,1,07:59:42,Tuesday
Marino Center - Studio B,1,07:59:42,Tuesday
Marino Center - 2nd Floor,4,07:59:42,Tuesday
Marino Center - Gymnasium,4,07:59:42,Tuesday
Marino Center - 3rd Floor Weight Room,27,07:59:42,Tuesday
Marino Center - 3rd Floor Select & Cardio,23,07:59:42,Tuesday
SquashBusters - 4th Floor,5,08:27:17,Tuesday
Marino Center - Studio A,1,08:27:17,Tuesday
Marino Center - Studio B,1,08:27:17,Tuesday
Marino Center - 2nd Floor,4,08:27:17,Tuesday
Marino Center - Gymnasium,4,08:27:17,Tuesday
Marino Center - 3rd Floor Weight Room,41,08:27:17,Tuesday
Marino Center - 3rd Floor Select & Cardio,19,08:27:17,Tuesday
SquashBusters - 4th Floor,5,08:42:41,Tuesday
Marino Center - Studio A,1,08:42:41,Tuesday
Marino Center - Studio B,1,08:42:41,Tuesday
Marino Center - 2nd Floor,4,08:42:41,Tuesday
Marino Center - Gymnasium,4,08:42:41,Tuesday
Marino Center - 3rd Floor Weight Room,43,08:42:41,Tuesday
Marino Center - 3rd Floor Select & Cardio,22,08:42:41,Tuesday
